{
  "canisters": {
    "hello": {
      "main": "src/hello/main.mo",
      "type": "motoko"
    },
    "hello_assets": {
      "dependencies": [
        "hello"
      ],
      "frontend": {
        "entrypoint": "src/hello_assets/public/index.js"
      },
      "source": [
        "src/hello_assets/assets",
        "dist/hello_assets/"
      ],
      "type": "assets"
    }
  },
  "defaults": {
    "build": {
      "packtool": ""
    }
  },
  "dfx": "0.8.1",
  "networks": {
    "local": {
      "bind": "127.0.0.1:8000",
      "type": "ephemeral"
    }
  },
  "version": 1
}